Amplicon,Fprimer,FSequence,Rprimer,Rsequence
ASFV1,01F,GGCGTTCATTTCACAAGATGC,01R,ACGGCATCTAAGCAGCTCAATG
ASFV2,02F,CAGGCCGATATATCATTTCATCAATATTCA,02R,ACCCAAAGCCCTGGAATCCTTA
ASFV3,03F,GCAAACCAAGTGACTCACCCTC,03R,ATTGTATGACGTCGGGGCAGAT
ASFV4,04F,ACCTAGTAAAAGTCCTAGAAAAACCTTCA,04R,CGCCATTGTTTTACACAGTCGC
ASFV5,05F,TCGAGATTTTATTATTTGGATGCATCATCA,05R,GGACTGATGAAAGCCGTGAAGG
ASFV6,06F,TCCACGCGGTACTTGGCTCC,06R,AGGCCTCGTTGGTGGAAAGGA
ASFV7,07F,AGGGCTGATGCAAATCTCTTTTTCA,07R,TCTCCGATTTTCGCATGCCAAA
ASFV8,08F,AGTTTGCAAAGAGCCTAAAGATAGACT,08R,AGCGTGGAACTGTAGATGACGA
ASFV9,09F,TGCAGAAACCGCAGATGAATGT,09R,ATAGGATTAGATGCGACGCCCA
ASFV10,10F,GCATGTAGAGAGGTTTTGGTAGTCA,10R,GGAAACAGCTGGAGAGTTGTGG
ASFV11,11F,TGGTTTTGAAATAAAATGCCTTCTACGG,11R,GGAATGCATGGACGAAGAAGCA
ASFV12,12F,TCCTTGGGAGTTACAGCGAAGA,12R,AATGAAATCATTCGCGGCGAGT
ASFV13,13F,CAGACATTGGCAGTGATGGCTA,13R,GAAATGCCGGGCCTTCTACAAA
ASFV14,14F,GCTACTCCCCCAAATATCACATATAATTGT,14R,TTTTTCGTGTTGCTGTTCGGGA
ASFV15,15F,GGATGGCACCCTTCTCACAATC,15R,TGCGTATGACCCGATGTTGTTG
ASFV16,16F,GTCGACTTCACAGGAACAACGG,16R,ACCCGCTTTACACAAAACACGT
ASFV17,17F,TGGAATTTCCTGACGTGGCAAA,17R,GCAACCGCTATTCCAAACAGGA
ASFV18,18F,AGTTGTTGTCCTAGACCGTGGCA,18R,TGAAAAGGAGGGCACGATCC
ASFV19,19F,CCCGTATGCGGGCGTACTTT,19R,TGGCCTCTTCTTTCCCCCGA
ASFV20,20F,GGCCGCAACATTTGTGTCAAAG,20R,GCTCGCGAACAAATTACTCCCA
ASFV21,21F,GAATGGCAGCGATGATCTCAGG,21R,TGCAGGGCAAGGGTATACTGAA
ASFV22,22F,TGGCGTCGTTTAACAGCTTGAT,22R,GCTGGATGGCAAATCGGTTGTA
ASFV23,23F,AGGCGTGAAAATTCTTCTTCAAACA,23R,AGACGTTTTAAGCTGCATGGCA
ASFV24,24F,GGCAGCAGGATCTTAAAACCGG,24R,TGCATAATGCCCAGCTTTTCGT
ASFV25,25F,GCTGTTTAAGCGTTTCAAGCTGA,25R,CTCCGCGGGGAACATTGTTTTA
ASFV26,26F,CCCTGGGAGGAGTCATCATGAA,26R,GGTCATTGACTTTGGAAGCGCT
ASFV27,27F,ACTGTCTGCTAGACTCCCAGGA,27R,CCCAAGAGGAGGAATGGTTTGC
ASFV28,28F,GCCCCCTAGCGTCACCGAAT,28R,CCAAGCCTGCTGCGAAGCTC
ASFV29,29F,GACGCAATTTCGGCTGTTTTTAAAA,29R,GACTTGGTCTCCGGCTCAAAAG
ASFV30,30F,GTTGGGGTGTTGGAGCGAATAA,30R,TTCTGCTTACGGACGATGCAAC
ASFV31,31F,TAGTTGTGAAGCGTTCTCGGGT,31R,GAGCACATGTTACTCGCCACTC
ASFV32,32F,GGACTTCTTATGCTCAGATGGGC,32R,ACTGCTGCAGGCGTTAAACATT
ASFV11alt,11_altF,CTATGGGATGGGAAGAGTGGTCAA,11_altR,CGTCAACCGCCGCATTAGC
