Amplicon,Fprimer,FSequence,Rprimer,Rsequence
nCoV1,nCoV-2019_1_LEFT,ACCAACCAACTTTCGATCTCTTGT,nCoV-2019_1_RIGHT,CATCTTTAAGATGTTGACGTGCCTC
nCoV2,nCoV-2019_2_LEFT,CTGTTTTACAGGTTCGCGACGT,nCoV-2019_2_RIGHT,TAAGGATCAGTGCCAAGCTCGT
nCoV3,nCoV-2019_3_LEFT,CGGTAATAAAGGAGCTGGTGGC,nCoV-2019_3_RIGHT,AAGGTGTCTGCAATTCATAGCTCT
nCoV4,nCoV-2019_4_LEFT,GGTGTATACTGCTGCCGTGAAC,nCoV-2019_4_RIGHT,CACAAGTAGTGGCACCTTCTTTAGT
nCoV5,nCoV-2019_5_LEFT,TGGTGAAACTTCATGGCAGACG,nCoV-2019_5_RIGHT,ATTGATGTTGACTTTCTCTTTTTGGAGT
nCoV6,nCoV-2019_6_LEFT,GGTGTTGTTGGAGAAGGTTCCG,nCoV-2019_6_RIGHT,TAGCGGCCTTCTGTAAAACACG
nCoV7,nCoV-2019_7_LEFT,ATCAGAGGCTGCTCGTGTTGTA,nCoV-2019_7_LEFT_alt0,CATTTGCATCAGAGGCTGCTCG
nCoV8,nCoV-2019_7_RIGHT,TGCACAGGTGACAATTTGTCCA,nCoV-2019_7_RIGHT_alt5,AGGTGACAATTTGTCCACCGAC
nCoV9,nCoV-2019_8_LEFT,AGAGTTTCTTAGAGACGGTTGGGA,nCoV-2019_8_RIGHT,GCTTCAACAGCTTCACTAGTAGGT
nCoV10,nCoV-2019_9_LEFT,TCCCACAGAAGTGTTAACAGAGGA,nCoV-2019_9_LEFT_alt4,TTCCCACAGAAGTGTTAACAGAGG
nCoV11,nCoV-2019_9_RIGHT,ATGACAGCATCTGCCACAACAC,nCoV-2019_9_RIGHT_alt2,GACAGCATCTGCCACAACACAG
nCoV12,nCoV-2019_10_LEFT,TGAGAAGTGCTCTGCCTATACAGT,nCoV-2019_10_RIGHT,TCATCTAACCAATCTTCTTCTTGCTCT
nCoV13,nCoV-2019_11_LEFT,GGAATTTGGTGCCACTTCTGCT,nCoV-2019_11_RIGHT,TCATCAGATTCAACTTGCATGGCA
nCoV14,nCoV-2019_12_LEFT,AAACATGGAGGAGGTGTTGCAG,nCoV-2019_12_RIGHT,TTCACTCTTCATTTCCAAAAAGCTTGA
nCoV15,nCoV-2019_13_LEFT,TCGCACAAATGTCTACTTAGCTGT,nCoV-2019_13_RIGHT,ACCACAGCAGTTAAAACACCCT
nCoV16,nCoV-2019_14_LEFT,CATCCAGATTCTGCCACTCTTGT,nCoV-2019_14_LEFT_alt4,TGGCAATCTTCATCCAGATTCTGC
nCoV17,nCoV-2019_14_RIGHT,AGTTTCCACACAGACAGGCATT,nCoV-2019_14_RIGHT_alt2,TGCGTGTTTCTTCTGCATGTGC
nCoV18,nCoV-2019_15_LEFT,ACAGTGCTTAAAAAGTGTAAAAGTGCC,nCoV-2019_15_LEFT_alt1,AGTGCTTAAAAAGTGTAAAAGTGCCT
nCoV19,nCoV-2019_15_RIGHT,AACAGAAACTGTAGCTGGCACT,nCoV-2019_15_RIGHT_alt3,ACTGTAGCTGGCACTTTGAGAGA
nCoV20,nCoV-2019_16_LEFT,AATTTGGAAGAAGCTGCTCGGT,nCoV-2019_16_RIGHT,CACAACTTGCGTGTGGAGGTTA
nCoV21,nCoV-2019_17_LEFT,CTTCTTTCTTTGAGAGAAGTGAGGACT,nCoV-2019_17_RIGHT,TTTGTTGGAGTGTTAACAATGCAGT
nCoV22,nCoV-2019_18_LEFT,TGGAAATACCCACAAGTTAATGGTTTAAC,nCoV-2019_18_LEFT_alt2,ACTTCTATTAAATGGGCAGATAACAACTGT
nCoV23,nCoV-2019_18_RIGHT,AGCTTGTTTACCACACGTACAAGG,nCoV-2019_18_RIGHT_alt1,GCTTGTTTACCACACGTACAAGG
nCoV24,nCoV-2019_19_LEFT,GCTGTTATGTACATGGGCACACT,nCoV-2019_19_RIGHT,TGTCCAACTTAGGGTCAATTTCTGT
nCoV25,nCoV-2019_20_LEFT,ACAAAGAAAACAGTTACACAACAACCA,nCoV-2019_20_RIGHT,ACGTGGCTTTATTAGTTGCATTGTT
nCoV26,nCoV-2019_21_LEFT,TGGCTATTGATTATAAACACTACACACCC,nCoV-2019_21_LEFT_alt2,GGCTATTGATTATAAACACTACACACCCT
nCoV27,nCoV-2019_21_RIGHT,TAGATCTGTGTGGCCAACCTCT,nCoV-2019_21_RIGHT_alt0,GATCTGTGTGGCCAACCTCTTC
nCoV28,nCoV-2019_22_LEFT,ACTACCGAAGTTGTAGGAGACATTATACT,nCoV-2019_22_RIGHT,ACAGTATTCTTTGCTATAGTAGTCGGC
nCoV29,nCoV-2019_23_LEFT,ACAACTACTAACATAGTTACACGGTGT,nCoV-2019_23_RIGHT,ACCAGTACAGTAGGTTGCAATAGTG
nCoV30,nCoV-2019_24_LEFT,AGGCATGCCTTCTTACTGTACTG,nCoV-2019_24_RIGHT,ACATTCTAACCATAGCTGAAATCGGG
nCoV31,nCoV-2019_25_LEFT,GCAATTGTTTTTCAGCTATTTTGCAGT,nCoV-2019_25_RIGHT,ACTGTAGTGACAAGTCTCTCGCA
nCoV32,nCoV-2019_26_LEFT,TTGTGATACATTCTGTGCTGGTAGT,nCoV-2019_26_RIGHT,TCCGCACTATCACCAACATCAG
nCoV33,nCoV-2019_27_LEFT,ACTACAGTCAGCTTATGTGTCAACC,nCoV-2019_27_RIGHT,AATACAAGCACCAAGGTCACGG
nCoV34,nCoV-2019_28_LEFT,ACATAGAAGTTACTGGCGATAGTTGT,nCoV-2019_28_RIGHT,TGTTTAGACATGACATGAACAGGTGT
nCoV35,nCoV-2019_29_LEFT,ACTTGTGTTCCTTTTTGTTGCTGC,nCoV-2019_29_RIGHT,AGTGTACTCTATAAGTTTTGATGGTGTGT
nCoV36,nCoV-2019_30_LEFT,GCACAACTAATGGTGACTTTTTGCA,nCoV-2019_30_RIGHT,ACCACTAGTAGATACACAAACACCAG
nCoV37,nCoV-2019_31_LEFT,TTCTGAGTACTGTAGGCACGGC,nCoV-2019_31_RIGHT,ACAGAATAAACACCAGGTAAGAATGAGT
nCoV38,nCoV-2019_32_LEFT,TGGTGAATACAGTCATGTAGTTGCC,nCoV-2019_32_RIGHT,AGCACATCACTACGCAACTTTAGA
nCoV39,nCoV-2019_33_LEFT,ACTTTTGAAGAAGCTGCGCTGT,nCoV-2019_33_RIGHT,TGGACAGTAAACTACGTCATCAAGC
nCoV40,nCoV-2019_34_LEFT,TCCCATCTGGTAAAGTTGAGGGT,nCoV-2019_34_RIGHT,AGTGAAATTGGGCCTCATAGCA
nCoV41,nCoV-2019_35_LEFT,TGTTCGCATTCAACCAGGACAG,nCoV-2019_35_RIGHT,ACTTCATAGCCACAAGGTTAAAGTCA
nCoV42,nCoV-2019_36_LEFT,TTAGCTTGGTTGTACGCTGCTG,nCoV-2019_36_RIGHT,GAACAAAGACCATTGAGTACTCTGGA
nCoV43,nCoV-2019_37_LEFT,ACACACCACTGGTTGTTACTCAC,nCoV-2019_37_RIGHT,GTCCACACTCTCCTAGCACCAT
nCoV44,nCoV-2019_38_LEFT,ACTGTGTTATGTATGCATCAGCTGT,nCoV-2019_38_RIGHT,CACCAAGAGTCAGTCTAAAGTAGCG
nCoV45,nCoV-2019_39_LEFT,AGTATTGCCCTATTTTCTTCATAACTGGT,nCoV-2019_39_RIGHT,TGTAACTGGACACATTGAGCCC
nCoV46,nCoV-2019_40_LEFT,TGCACATCAGTAGTCTTACTCTCAGT,nCoV-2019_40_RIGHT,CATGGCTGCATCACGGTCAAAT
nCoV47,nCoV-2019_41_LEFT,GTTCCCTTCCATCATATGCAGCT,nCoV-2019_41_RIGHT,TGGTATGACAACCATTAGTTTGGCT
nCoV48,nCoV-2019_42_LEFT,TGCAAGAGATGGTTGTGTTCCC,nCoV-2019_42_RIGHT,CCTACCTCCCTTTGTTGTGTTGT
nCoV49,nCoV-2019_43_LEFT,TACGACAGATGTCTTGTGCTGC,nCoV-2019_43_RIGHT,AGCAGCATCTACAGCAAAAGCA
nCoV50,nCoV-2019_44_LEFT,TGCCACAGTACGTCTACAAGCT,nCoV-2019_44_LEFT_alt3,CCACAGTACGTCTACAAGCTGG
nCoV51,nCoV-2019_44_RIGHT,AACCTTTCCACATACCGCAGAC,nCoV-2019_44_RIGHT_alt0,CGCAGACGGTACAGACTGTGTT
nCoV52,nCoV-2019_45_LEFT,TACCTACAACTTGTGCTAATGACCC,nCoV-2019_45_LEFT_alt2,AGTATGTACAAATACCTACAACTTGTGCT
nCoV53,nCoV-2019_45_RIGHT,AAATTGTTTCTTCATGTTGGTAGTTAGAGA,nCoV-2019_45_RIGHT_alt7,TTCATGTTGGTAGTTAGAGAAAGTGTGTC
nCoV54,nCoV-2019_46_LEFT,TGTCGCTTCCAAGAAAAGGACG,nCoV-2019_46_LEFT_alt1,CGCTTCCAAGAAAAGGACGAAGA
nCoV55,nCoV-2019_46_RIGHT,CACGTTCACCTAAGTTGGCGTA,nCoV-2019_46_RIGHT_alt2,CACGTTCACCTAAGTTGGCGTAT
nCoV56,nCoV-2019_47_LEFT,AGGACTGGTATGATTTTGTAGAAAACCC,nCoV-2019_47_RIGHT,AATAACGGTCAAAGAGTTTTAACCTCTC
nCoV57,nCoV-2019_48_LEFT,TGTTGACACTGACTTAACAAAGCCT,nCoV-2019_48_RIGHT,TAGATTACCAGAAGCAGCGTGC
nCoV58,nCoV-2019_49_LEFT,AGGAATTACTTGTGTATGCTGCTGA,nCoV-2019_49_RIGHT,TGACGATGACTTGGTTAGCATTAATACA
nCoV59,nCoV-2019_50_LEFT,GTTGATAAGTACTTTGATTGTTACGATGGT,nCoV-2019_50_RIGHT,TAACATGTTGTGCCAACCACCA
nCoV60,nCoV-2019_51_LEFT,TCAATAGCCGCCACTAGAGGAG,nCoV-2019_51_RIGHT,AGTGCATTAACATTGGCCGTGA
nCoV61,nCoV-2019_52_LEFT,CATCAGGAGATGCCACAACTGC,nCoV-2019_52_RIGHT,GTTGAGAGCAAAATTCATGAGGTCC
nCoV62,nCoV-2019_53_LEFT,AGCAAAATGTTGGACTGAGACTGA,nCoV-2019_53_RIGHT,AGCCTCATAAAACTCAGGTTCCC
nCoV63,nCoV-2019_54_LEFT,TGAGTTAACAGGACACATGTTAGACA,nCoV-2019_54_RIGHT,AACCAAAAACTTGTCCATTAGCACA
nCoV64,nCoV-2019_55_LEFT,ACTCAACTTTACTTAGGAGGTATGAGCT,nCoV-2019_55_RIGHT,GGTGTACTCTCCTATTTGTACTTTACTGT
nCoV65,nCoV-2019_56_LEFT,ACCTAGACCACCACTTAACCGA,nCoV-2019_56_RIGHT,ACACTATGCGAGCAGAAGGGTA
nCoV66,nCoV-2019_57_LEFT,ATTCTACACTCCAGGGACCACC,nCoV-2019_57_RIGHT,GTAATTGAGCAGGGTCGCCAAT
nCoV67,nCoV-2019_58_LEFT,TGATTTGAGTGTTGTCAATGCCAGA,nCoV-2019_58_RIGHT,CTTTTCTCCAAGCAGGGTTACGT
nCoV68,nCoV-2019_59_LEFT,TCACGCATGATGTTTCATCTGCA,nCoV-2019_59_RIGHT,AAGAGTCCTGTTACATTTTCAGCTTG
nCoV69,nCoV-2019_60_LEFT,TGATAGAGACCTTTATGACAAGTTGCA,nCoV-2019_60_RIGHT,GGTACCAACAGCTTCTCTAGTAGC
nCoV70,nCoV-2019_61_LEFT,TGTTTATCACCCGCGAAGAAGC,nCoV-2019_61_RIGHT,ATCACATAGACAACAGGTGCGC
nCoV71,nCoV-2019_62_LEFT,GGCACATGGCTTTGAGTTGACA,nCoV-2019_62_RIGHT,GTTGAACCTTTCTACAAGCCGC
nCoV72,nCoV-2019_63_LEFT,TGTTAAGCGTGTTGACTGGACT,nCoV-2019_63_RIGHT,ACAAACTGCCACCATCACAACC
nCoV73,nCoV-2019_64_LEFT,TCGATAGATATCCTGCTAATTCCATTGT,nCoV-2019_64_RIGHT,AGTCTTGTAAAAGTGTTCCAGAGGT
nCoV74,nCoV-2019_65_LEFT,GCTGGCTTTAGCTTGTGGGTTT,nCoV-2019_65_RIGHT,TGTCAGTCATAGAACAAACACCAATAGT
nCoV75,nCoV-2019_66_LEFT,GGGTGTGGACATTGCTGCTAAT,nCoV-2019_66_RIGHT,TCAATTTCCATTTGACTCCTGGGT
nCoV76,nCoV-2019_67_LEFT,GTTGTCCAACAATTACCTGAAACTTACT,nCoV-2019_67_RIGHT,CAACCTTAGAAACTACAGATAAATCTTGGG
nCoV77,nCoV-2019_68_LEFT,ACAGGTTCATCTAAGTGTGTGTGT,nCoV-2019_68_RIGHT,CTCCTTTATCAGAACCAGCACCA
nCoV78,nCoV-2019_69_LEFT,TGTCGCAAAATATACTCAACTGTGTCA,nCoV-2019_69_RIGHT,TCTTTATAGCCACGGAACCTCCA
nCoV79,nCoV-2019_70_LEFT,ACAAAAGAAAATGACTCTAAAGAGGGTTT,nCoV-2019_70_RIGHT,TGACCTTCTTTTAAAGACATAACAGCAG
nCoV80,nCoV-2019_71_LEFT,ACAAATCCAATTCAGTTGTCTTCCTATTC,nCoV-2019_71_RIGHT,TGGAAAAGAAAGGTAAGAACAAGTCCT
nCoV81,nCoV-2019_72_LEFT,ACACGTGGTGTTTATTACCCTGAC,nCoV-2019_72_RIGHT,ACTCTGAACTCACTTTCCATCCAAC
nCoV82,nCoV-2019_73_LEFT,CAATTTTGTAATGATCCATTTTTGGGTGT,nCoV-2019_73_RIGHT,CACCAGCTGTCCAACCTGAAGA
nCoV83,nCoV-2019_74_LEFT,ACATCACTAGGTTTCAAACTTTACTTGC,nCoV-2019_74_RIGHT,GCAACACAGTTGCTGATTCTCTTC
nCoV84,nCoV-2019_75_LEFT,AGAGTCCAACCAACAGAATCTATTGT,nCoV-2019_75_RIGHT,ACCACCAACCTTAGAATCAAGATTGT
nCoV85,nCoV-2019_76_LEFT,AGGGCAAACTGGAAAGATTGCT,nCoV-2019_76_LEFT_alt3,GGGCAAACTGGAAAGATTGCTGA
nCoV86,nCoV-2019_76_RIGHT,ACACCTGTGCCTGTTAAACCAT,nCoV-2019_76_RIGHT_alt0,ACCTGTGCCTGTTAAACCATTGA
nCoV87,nCoV-2019_77_LEFT,CCAGCAACTGTTTGTGGACCTA,nCoV-2019_77_RIGHT,CAGCCCCTATTAAACAGCCTGC
nCoV88,nCoV-2019_78_LEFT,CAACTTACTCCTACTTGGCGTGT,nCoV-2019_78_RIGHT,TGTGTACAAAAACTGCCATATTGCA
nCoV89,nCoV-2019_79_LEFT,GTGGTGATTCAACTGAATGCAGC,nCoV-2019_79_RIGHT,CATTTCATCTGTGAGCAAAGGTGG
nCoV90,nCoV-2019_80_LEFT,TTGCCTTGGTGATATTGCTGCT,nCoV-2019_80_RIGHT,TGGAGCTAAGTTGTTTAACAAGCG
nCoV91,nCoV-2019_81_LEFT,GCACTTGGAAAACTTCAAGATGTGG,nCoV-2019_81_RIGHT,GTGAAGTTCTTTTCTTGTGCAGGG
nCoV92,nCoV-2019_82_LEFT,GGGCTATCATCTTATGTCCTTCCCT,nCoV-2019_82_RIGHT,TGCCAGAGATGTCACCTAAATCAA
nCoV93,nCoV-2019_83_LEFT,TCCTTTGCAACCTGAATTAGACTCA,nCoV-2019_83_RIGHT,TTTGACTCCTTTGAGCACTGGC
nCoV94,nCoV-2019_84_LEFT,TGCTGTAGTTGTCTCAAGGGCT,nCoV-2019_84_RIGHT,AGGTGTGAGTAAACTGTTACAAACAAC
nCoV95,nCoV-2019_85_LEFT,ACTAGCACTCTCCAAGGGTGTT,nCoV-2019_85_RIGHT,ACACAGTCTTTTACTCCAGATTCCC
nCoV96,nCoV-2019_86_LEFT,TCAGGTGATGGCACAACAAGTC,nCoV-2019_86_RIGHT,ACGAAAGCAAGAAAAAGAAGTACGC
nCoV97,nCoV-2019_87_LEFT,CGACTACTAGCGTGCCTTTGTA,nCoV-2019_87_RIGHT,ACTAGGTTCCATTGTTCAAGGAGC
nCoV98,nCoV-2019_88_LEFT,CCATGGCAGATTCCAACGGTAC,nCoV-2019_88_RIGHT,TGGTCAGAATAGTGCCATGGAGT
nCoV99,nCoV-2019_89_LEFT,GTACGCGTTCCATGTGGTCATT,nCoV-2019_89_LEFT_alt2,CGCGTTCCATGTGGTCATTCAA
nCoV100,nCoV-2019_89_RIGHT,ACCTGAAAGTCAACGAGATGAAACA,nCoV-2019_89_RIGHT_alt4,ACGAGATGAAACATCTGTTGTCACT
nCoV101,nCoV-2019_90_LEFT,ACACAGACCATTCCAGTAGCAGT,nCoV-2019_90_RIGHT,TGAAATGGTGAATTGCCCTCGT
nCoV102,nCoV-2019_91_LEFT,TCACTACCAAGAGTGTGTTAGAGGT,nCoV-2019_91_RIGHT,TTCAAGTGAGAACCAAAAGATAATAAGCA
nCoV103,nCoV-2019_92_LEFT,TTTGTGCTTTTTAGCCTTTCTGCT,nCoV-2019_92_RIGHT,AGGTTCCTGGCAATTAATTGTAAAAGG
nCoV104,nCoV-2019_93_LEFT,TGAGGCTGGTTCTAAATCACCCA,nCoV-2019_93_RIGHT,AGGTCTTCCTTGCCATGTTGAG
nCoV105,nCoV-2019_94_LEFT,GGCCCCAAGGTTTACCCAATAA,nCoV-2019_94_RIGHT,TTTGGCAATGTTGTTCCTTGAGG
nCoV106,nCoV-2019_95_LEFT,TGAGGGAGCCTTGAATACACCA,nCoV-2019_95_RIGHT,CAGTACGTTTTTGCCGAGGCTT
nCoV107,nCoV-2019_96_LEFT,GCCAACAACAACAAGGCCAAAC,nCoV-2019_96_RIGHT,TAGGCTCTGTTGGTGGGAATGT
nCoV108,nCoV-2019_97_LEFT,TGGATGACAAAGATCCAAATTTCAAAGA,nCoV-2019_97_RIGHT,ACACACTGATTAAAGATTGCTATGTGAG
nCoV109,nCoV-2019_98_LEFT,AACAATTGCAACAATCCATGAGCA,nCoV-2019_98_RIGHT,TTCTCCTAAGAAGCTATTAAAATCACATGG
